trend_id,product_group_id,trend_date,trend_description
1,101,2023-05-01,"Increasing demand for eco-friendly cleaning products"
2,203,2023-06-15,"Rise in popularity of smart home devices"
3,305,2023-07-01,"Shift towards plant-based meat alternatives"
4,402,2023-08-10,"Growing interest in online fitness classes"
5,501,2023-09-01,"Surge in telehealth and virtual healthcare services"
6,102,2023-10-15,"Adoption of contactless payment methods"
7,204,2023-11-01,"Expansion of e-commerce and online shopping"
8,306,2023-12-01,"Increasing investment in renewable energy technologies"
9,403,2024-01-01,"Popularity of subscription-based business models"
10,502,2024-02-15,"Advancements in artificial intelligence and machine learning"
11,103,2024-03-01,"Emphasis on personalized and customized products"
12,205,2024-04-10,"Rise of remote and hybrid work arrangements"
13,307,2024-05-01,"Growth of the esports and gaming industry"
14,404,2024-06-01,"Integration of social media platforms with e-commerce"
15,503,2024-07-01,"Expansion of digital transformation initiatives"
16,104,2024-08-01,"Increasing consumer demand for sustainable and ethical products"
17,206,2024-09-15,"Mainstream adoption of cryptocurrencies and blockchain technology"
18,308,2024-10-01,"Emergence of the metaverse and virtual experiences"
19,405,2024-11-01,"Shift towards plant-based and alternative protein sources"
20,504,2024-12-01,"Advancements in telemedicine and remote healthcare solutions"